Publisher Name,Series Name,Volume,Issue Count
Amalgam Comics,JLX (1996),1,1
Amalgam Comics,The Magnetic Men featuring Magneto (1997),1,1
Amalgam Comics,X-Patrol (1996),1,1
Dark Horse Comics,Aliens / Predator: The Deadliest of the Species (1993 - 1995),1,12
Dark Horse Comics,Tales From The Secret Shop Are We Heroes Yet? (2014),1,1
DC Comics,Action Comics (Vol. 1) (1938 - 2011),1,919
DC Comics,"Action Comics #1, 50th Anniversary Reprint (1988)",1,1
DC Comics,Atari Force (Vol. 2) (1984 - 1985),2,20
DC Comics,DC Versus Marvel/Marvel Versus DC (1995 - 1996),1,4
DC Comics,Forgotten Realms (1989 - 1991),1,25
DC Comics,Green Lantern (Vol. 2) (1960 - 1986),2,200
DC Comics,Sovereign Seven (1994 - 1998),1,38
DC Comics,Superman (Vol. 2) (1986 - 2006),2,240
DC Comics,The Flash (Vol. 5) (2016 - 2023),5,144
DC Comics,The New Adventures of Superboy (1980 - 1984),1,54
Defiant Comics,Charlemagne (1994),1,6
Defiant Comics,Dark Dominion (1993 - 1994),1,11
Defiant Comics,Warriors of Plasm (1993 - 1994),1,13
Eagle Comics,The Stainless Steel Rat (1985),1,6
Image Comics,Badrock / Wolverine (1996),1,1
Image Comics,Bone (1996 - 1999),1,27
Image Comics,Cyberpunx (1996),1,1
Image Comics,Hellshock (Vol. 2) (1997 - 1998),2,3
Image Comics,StormWatch (Vol. 1) (1993 - 1997),1,54
Image Comics,StormWatch Sourcebook (1994),1,1
Image Comics,Wetworks (Vol. 1) (1994 - 1998),1,43
Image Comics,WildC.A.T.s: Covert Action Teams (Vol. 1) (1992 - 1998),1,53
Malibu Comics,The Night Man / Gambit (1996),1,3
Marvel Comics,2099 A.D. Genesis (1996),1,1
Marvel Comics,2099: World of Tomorrow (1996 - 1997),1,8
Marvel Comics,Age of Apocalypse: The Chosen (1995),1,1
Marvel Comics,Air Raiders (Vol. 1) (1987 - 1988),1,5
Marvel Comics,ALF (1988 - 1992),1,56
Marvel Comics,Alpha Flight (Vol. 1) (1983 - 1993),1,132
Marvel Comics,Amazing Adventures (1979 - 1981),1,14
Marvel Comics,Animax (Vol. 1) (1986 - 1987),1,4
Marvel Comics,Archangel (1996),1,1
Marvel Comics,Askani'son (1996),1,4
Marvel Comics,Avengers Spotlight (1989 - 1991),1,20
Marvel Comics,Black Knight: Exodus (1996),1,1
Marvel Comics,Black Panther (Vol. 2) (1988),2,4
Marvel Comics,Blink (2000 - 2001),1,4
Marvel Comics,Cable (Vol. 1) (1993 - 2002),1,110
Marvel Comics,Cable: Blood & Metal (Vol. 1) (1992),1,2
Marvel Comics,Cage (Vol. 1) (1992 - 1993),1,20
Marvel Comics,Captain America (Vol. 1) (1968 - 1996),1,368
Marvel Comics,Captain America (Vol. 2) (1996 - 1997),2,13
Marvel Comics,Captain Marvel (1989),1,1
Marvel Comics,Chuck Norris Karate Kommandos (1987),1,4
Marvel Comics,ClanDestine (Vol. 2) (2008),2,5
Marvel Comics,Classic X-Men (1986 - 1990),1,45
Marvel Comics,Cloak and Dagger (Vol. 2) (1985 - 1987),2,11
Marvel Comics,Cosmic Powers (1994),1,6
Marvel Comics,Cosmic Powers Unlimited Starring The Silver Surfer (1995 - 1996),1,5
Marvel Comics,Damage Control (Vol. 1) (1989),1,4
Marvel Comics,Damage Control (Vol. 2) (1989),2,4
Marvel Comics,Daredevil (Vol. 1) (1964 - 1998),1,391
Marvel Comics,Darkhawk (Vol. 1) (1991 - 1995),1,53
Marvel Comics,Dazzler (Vol. 1) (1980 - 1986),1,42
Marvel Comics,Death Metal (1993 - 1994),1,4
Marvel Comics,Deathlok (Vol. 2) (1991 - 1994),2,36
Marvel Comics,Doctor Strange (Vol. 2) (1974 - 1987),2,83
Marvel Comics,"Doctor Strange, Sorcerer Supreme (1988 - 1996)",1,93
Marvel Comics,Doom 2099 (Vol. 1) (1993 - 1996),1,44
Marvel Comics,Excalibur: Air Apparent (1991),1,1
Marvel Comics,Elektra (Vol. 1) (1996 - 1998),1,20
Marvel Comics,Excalibur (Vol. 1) (1988 - 1998),1,128
Marvel Comics,Excalibur Special Edition (1987),1,1
Marvel Comics,Excalibur: Air Apparent (1991),1,1
Marvel Comics,Excalibur: Mojo Mayhem (1989),1,1
Marvel Comics,Excalibur: The Possession (1991),1,1
Marvel Comics,Excalibur: XX Crossing (1992),1,1
Marvel Comics,Factor-X (1995),1,4
Marvel Comics,Fallen Angels (Vol. 1) (1987),1,8
Marvel Comics,Fantastic Four (Vol. 1) (1961 - 1996),1,443
Marvel Comics,Fantastic Four (Vol. 2) (1996 - 1997),2,13
Marvel Comics,Fantastic Four (Vol. 3) (1998 - 2012),3,179
Marvel Comics,Fantastic Four 2099 (Vol. 1) (1996),1,8
Marvel Comics,Fantastic Four vs. The X-Men (1987),1,4
Marvel Comics,Fred Hembeck Destroys the Marvel Universe (1989),1,1
Marvel Comics,Gambit (Vol. 1) (1993 - 1994),1,4
Marvel Comics,Gambit and the X-Ternals (1995),1,4
Marvel Comics,Generation Next (1995),1,4
Marvel Comics,Generation X (Vol. 1) (1994 - 2001),1,82
Marvel Comics,Generation X Collectors' Preview (1994),1,1
Marvel Comics,Ghost Rider (Vol. 2) (1990 - 2007),2,96
Marvel Comics,Green Goblin (1995 - 1996),1,13
Marvel Comics,Guardians of the Galaxy (Vol. 1) (1990 - 1995),1,66
Marvel Comics,Havok & Wolverine: Meltdown (1989),1,4
Marvel Comics,Hercules: Prince of Power (Vol. 2) (1984),2,4
Marvel Comics,Heroes Reborn: The Return (1997),1,1
Marvel Comics,Iceman (Vol. 1) (1984 - 1985),1,4
Marvel Comics,Incredible Hulk: Hercules Unleashed (1996),1,1
Marvel Comics,Iron Man (Vol. 1) (1968 - 1996),1,351
Marvel Comics,Iron Man (Vol. 2) (1996 - 1997),2,13
Marvel Comics,Iron Man: The Legend (1996),1,1
Marvel Comics,Journey Into Mystery (Vol. 3) (1996 - 1998),3,20
Marvel Comics,Krull (Vol. 1) (1983),1,2
Marvel Comics,Logan: Path of the Warlord (1996),1,1
Marvel Comics,Magneto (Vol. 1) (1996 - 1997),1,4
Marvel Comics,Marc Spector: Moon Knight (1989 - 1994),1,60
Marvel Comics,Marvel Action Universe (1989),1,1
Marvel Comics,Marvel Age (Vol. 1) (1983 - 1994),1,144
Marvel Comics,Marvel Comics Presents (Vol. 1) (1988 - 1995),1,175
Marvel Comics,Marvel Fanfare (Vol. 2) (1996 - 1997),2,6
Marvel Comics,Marvel Super Hero Contest of Champions (1982),1,3
Marvel Comics,Marvel Super Heroes Secret Wars (1984),1,12
Marvel Comics,Marvel Tales (Vol. 2) (1964 - 1994),2,291
Marvel Comics,Marvel Team-Up (Vol. 1) (1972 - 1985),1,157
Marvel Comics,Masters of the Universe (1986 - 1988),1,13
Marvel Comics,Micronauts: The New Voyages (1984 - 1986),1,20
Marvel Comics,Mystique & Sabretooth (Vol. 1) (1996 - 1997),1,4
Marvel Comics,"Namor, the Sub-Mariner (1990 - 1995)",1,66
Marvel Comics,Night Thrasher: Four Control (1992 - 1993),1,4
Marvel Comics,Nomad (Vol. 2) (1992 - 1994),2,25
Marvel Comics,Onslaught: Epilogue (1997),1,1
Marvel Comics,Onslaught: Marvel Universe (1996),1,1
Marvel Comics,Onslaught: X-Men (1996),1,1
Marvel Comics,"Peter Parker, The Spectacular Spider-Man (Vol. 1) (1976 - 1998)",1,279
Marvel Comics,Power Man and Iron Fist (Vol. 1) (1978 - 1986),1,76
Marvel Comics,Power Pachyderms (Vol. 1) (1989),1,1
Marvel Comics,Power Pack (Vol. 1) (1984 - 1991),1,62
Marvel Comics,Professor Xavier and the X-Men (1995 - 1997),1,18
Marvel Comics,Pryde and Wisdom (1996),1,3
Marvel Comics,Psi-Force (1986 - 1989),1,33
Marvel Comics,Punisher 2099 (Vol. 1) (1993 - 1995),1,34
Marvel Comics,Quasar (1989 - 1994),1,60
Marvel Comics,Ravage 2099 (1992 - 1995),1,33
Marvel Comics,ROM (1979 - 1985),1,79
Marvel Comics,Sabretooth Special (1995),1,1
Marvel Comics,Secret Wars II (1985 - 1986),1,9
Marvel Comics,Sergio Aragones Massacres Marvel (1996),1,1
Marvel Comics,Silver Sable and the Wild Pack (1992 - 1995),1,35
Marvel Comics,Silver Surfer (Vol. 3) (1987 - 1998),3,156
Marvel Comics,Silver Surfer / Warlock: Resurrection (1993),1,4
Marvel Comics,Silver Surfer: Dangerous Artifacts (1996),1,1
Marvel Comics,SilverHawks (1987 - 1988),1,7
Marvel Comics,Sleepwalker (1991 - 1994),1,33
Marvel Comics,Solarman (Vol. 1) (1989 - 1990),1,2
Marvel Comics,Solo Avengers (1987 - 1989),1,20
Marvel Comics,Speedball (1988 - 1989),1,10
Marvel Comics,Spider-Man (Vol. 1) (1990 - 1998),1,100
Marvel Comics,Spider-Man 2099 (Vol. 1) (1992 - 1996),1,47
Marvel Comics,Spider-Woman (Vol. 2) (1993 - 1994),2,4
Marvel Comics,Spitfire and the Troubleshooters (Vol. 1) (1986 - 1987),1,9
Marvel Comics,Star Trek / X-Men (1996),1,1
Marvel Comics,Star Wars (Vol. 1) (1977 - 1986),1,111
Marvel Comics,Starjammers (Vol. 1) (1995 - 1996),1,4
Marvel Comics,Starriors (1984 - 1985),1,4
Marvel Comics,Storm (Vol. 1) (1996),1,4
Marvel Comics,Stryfe's Strike File (1992),1,1
Marvel Comics,Tales from the Age of Apocalypse (1996),1,1
Marvel Comics,Tales from the Age of Apocalypse: Sinister Bloodlines (1997),1,1
Marvel Comics,Team America (1982 - 1983),1,12
Marvel Comics,The A-Team (1984),1,3
Marvel Comics,The Adventures of Cyclops and Phoenix (1994),1,4
Marvel Comics,The Amazing Spider-Man (Vol. 1) (1962 - 1998),1,473
Marvel Comics,The Amazing Spider-Man (Vol. 2) (1998 - 2013),2,275
Marvel Comics,The Amazing X-Men (Vol. 1) (1995),1,4
Marvel Comics,The Astonishing X-Men (Vol. 1) (1995),1,4
Marvel Comics,The Avengers (Vol. 1) (1963 - 1996),1,425
Marvel Comics,The Avengers (Vol. 2) (1996 - 1997),2,13
Marvel Comics,The Defenders (Vol. 1) (1972 - 1985),1,153
Marvel Comics,The Further Adventures of Cyclops and Phoenix (1996),1,4
Marvel Comics,The Further Adventures of Indiana Jones (1982 - 1985),1,34
Marvel Comics,The Incredible Hulk (Vol. 2) (1968 - 1999),2,396
Marvel Comics,The Infinity Crusade (1993),1,6
Marvel Comics,The Infinity Gauntlet (Vol. 1) (1991),1,6
Marvel Comics,The Infinity War (1992),1,6
Marvel Comics,The Last Starfighter (1984),1,3
Marvel Comics,The Marvel Saga (1985 - 1987),1,25
Marvel Comics,The Marvel X-Men Collection (1994),1,3
Marvel Comics,The Mutant Misadventures of Cloak and Dagger (Vol. 3) (1988 - 1991),3,19
Marvel Comics,The New Mutants (Vol. 1) (1983 - 1991),1,107
Marvel Comics,The New Warriors (1990 - 1996),1,80
Marvel Comics,The Official Handbook of the Marvel Universe (Vol. 1) (1983 - 1984),1,15
Marvel Comics,The Official Handbook of the Marvel Universe: Deluxe Edition (1985 - 1987),1,20
Marvel Comics,The Official Handbook of the Marvel Universe: Update '89 (1989),1,8
Marvel Comics,The Official Marvel Index to the X-Men (Vol. 1) (1987 - 1988),1,7
Marvel Comics,The Official Marvel Index to the X-Men (Vol. 2) (1994),2,5
Marvel Comics,The Punisher (Vol. 2) (1987 - 1995),2,111
Marvel Comics,The Punisher (Vol. 3) (1995 - 1997),3,18
Marvel Comics,The Punisher War Journal (Vol. 1) (1988 - 1995),1,80
Marvel Comics,The Rise of Apocalypse (1996),1,4
Marvel Comics,"The Saga of Crystar, Crystal Warrior (1983 - 1985)",1,11
Marvel Comics,The Secret Defenders (1993 - 1995),1,25
Marvel Comics,The Sensational She-Hulk (Vol. 1) (1989 - 1994),1,60
Marvel Comics,The Silver Surfer (Vol. 4) (1988),4,2
Marvel Comics,The Thing (Vol. 1) (1983 - 1986),1,36
Marvel Comics,The Transformers (1984 - 1991),1,80
Marvel Comics,The Transformers: Headmasters (1987 - 1988),1,4
Marvel Comics,The Vision and the Scarlet Witch (Vol. 2) (1985 - 1986),2,12
Marvel Comics,The West Coast Avengers (Vol. 2) (1985 - 1993),2,110
Marvel Comics,The Wolverine Saga (1990),1,4
Marvel Comics,The X-Men (Vol. 1) (1963 - 1981),1,145
Marvel Comics,The X-Men vs. The Avengers (1987),1,4
Marvel Comics,Thor (Vol. 1) (1966 - 1996),1,395
Marvel Comics,Uncanny X-Men (Vol. 1) (1980 - 2011),1,429
Marvel Comics,Uncanny X-Men Omnibus (2006 - 2026),1,1
Marvel Comics,Visionaries (1987 - 1988),1,6
Marvel Comics,Warlock and the Infinity Watch (1991 - 1995),1,42
Marvel Comics,Warlock Chronicles (1993 - 1994),1,8
Marvel Comics,Weapon X (Vol. 1) (1995),1,4
Marvel Comics,Web of Spider-Man (Vol. 1) (1984 - 1995),1,141
Marvel Comics,What If...? (Vol. 2) (1989 - 2010),2,116
Marvel Comics,What If...? Special (1988),1,1
Marvel Comics,What The--?! (1988 - 1993),1,26
Marvel Comics,Wolfpack (1988 - 1989),1,12
Marvel Comics,Wolverine (Vol. 1) (1982),1,4
Marvel Comics,Wolverine (Vol. 2) (1988 - 2003),2,198
Marvel Comics,Wolverine / Gambit: Victims (1995),1,4
Marvel Comics,Wonder Man (Vol. 2) (1991 - 1994),2,31
Marvel Comics,X-Calibre (1995),1,4
Marvel Comics,X-Factor (Vol. 1) (1985 - 1998),1,159
Marvel Comics,X-Force (Vol. 1) (1991 - 2002),1,135
Marvel Comics,X-Force and Cable (1995 - 1997),1,3
Marvel Comics,X-Man (1995 - 2001),1,79
Marvel Comics,X-Men (Vol. 2) (1991 - 2001),2,124
Marvel Comics,X-Men / Alpha Flight (1998),1,2
Marvel Comics,X-Men 2099 (1993 - 1996),1,35
Marvel Comics,X-Men 2099 Special (1995),1,1
Marvel Comics,X-Men 2099: Oasis (1996),1,1
Marvel Comics,X-Men Adventures (Vol. 3) (1995 - 1996),3,13
Marvel Comics,X-Men Chronicles (1995),1,2
Marvel Comics,X-Men Classic (1990 - 1995),1,65
Marvel Comics,X-Men Firsts (1995),1,1
Marvel Comics,X-Men Unlimited (Vol. 1) (1993 - 2003),1,50
Marvel Comics,X-Men vs. the Brood (1996),1,2
Marvel Comics,X-Men: Alpha (1994),1,1
Marvel Comics,X-Men: Books of Askani (1995),1,1
Marvel Comics,X-Men: Clan Destine (1996),1,2
Marvel Comics,X-Men: Earthfall (1996),1,1
Marvel Comics,X-Men: Omega (1995),1,1
Marvel Comics,X-Men: Prime (Vol. 1) (1995),1,1
Marvel Comics,X-Men: Tales from the Age of Apocalypse (2025 - 2026),1,1
Marvel Comics,X-Men: The Early Years (1994 - 1995),1,17
Marvel Comics,X-Men: Wrath of Apocalypse (1996),1,1
Marvel Comics,X-Nation 2099 (1996),1,6
Marvel Comics,X-Terminators (Vol. 1) (1988 - 1989),1,4
Marvel Comics,X-Universe (1995),1,2
Marvel Comics,XSE (1996 - 1997),1,4
Power Records,Power Records (1974 - 1981),1,21